loc,department,id,plantingDateMean,harvestingDateMean
1,Diourbel,pd1,195,277
2,Diourbel,pd1,195,277
3,Diourbel,pd1,195,277
4,Diourbel,pd1,195,277
5,Diourbel,pd1,195,277
1,Diourbel,pd1,195,277
2,Diourbel,pd1,195,277
3,Diourbel,pd1,195,277
4,Diourbel,pd1,195,277
5,Diourbel,pd1,195,277
1,Diourbel,pd1,195,277
2,Diourbel,pd1,195,277
3,Diourbel,pd1,195,277
4,Diourbel,pd1,195,277
5,Diourbel,pd1,195,277
1,Diourbel,pd1,195,277
2,Diourbel,pd1,195,277
3,Diourbel,pd1,195,277
4,Diourbel,pd1,195,277
5,Diourbel,pd1,195,277
1,Diourbel,pd1,195,277
2,Diourbel,pd1,195,277
3,Diourbel,pd1,195,277
4,Diourbel,pd1,195,277
5,Diourbel,pd1,195,277
1,Diourbel,pd1,195,277
2,Diourbel,pd1,195,277
3,Diourbel,pd1,195,277
4,Diourbel,pd1,195,277
5,Diourbel,pd1,195,277
1,Diourbel,pd2,232,311
2,Diourbel,pd2,232,311
3,Diourbel,pd2,232,311
4,Diourbel,pd2,232,311
5,Diourbel,pd2,232,311
1,Diourbel,pd2,232,311
2,Diourbel,pd2,232,311
3,Diourbel,pd2,232,311
4,Diourbel,pd2,232,311
5,Diourbel,pd2,232,311
1,Diourbel,pd2,232,311
2,Diourbel,pd2,232,311
3,Diourbel,pd2,232,311
4,Diourbel,pd2,232,311
5,Diourbel,pd2,232,311
1,Diourbel,pd2,232,311
2,Diourbel,pd2,232,311
3,Diourbel,pd2,232,311
4,Diourbel,pd2,232,311
5,Diourbel,pd2,232,311
1,Diourbel,pd2,232,311
2,Diourbel,pd2,232,311
3,Diourbel,pd2,232,311
4,Diourbel,pd2,232,311
5,Diourbel,pd2,232,311
1,Diourbel,pd2,232,311
2,Diourbel,pd2,232,311
3,Diourbel,pd2,232,311
4,Diourbel,pd2,232,311
5,Diourbel,pd2,232,311
1,Diourbel,pd3,250,292
2,Diourbel,pd3,250,292
3,Diourbel,pd3,250,292
4,Diourbel,pd3,250,292
5,Diourbel,pd3,250,292
1,Diourbel,pd3,250,292
2,Diourbel,pd3,250,292
3,Diourbel,pd3,250,292
4,Diourbel,pd3,250,292
5,Diourbel,pd3,250,292
1,Diourbel,pd3,250,292
2,Diourbel,pd3,250,292
3,Diourbel,pd3,250,292
4,Diourbel,pd3,250,292
5,Diourbel,pd3,250,292
1,Diourbel,pd3,250,292
2,Diourbel,pd3,250,292
3,Diourbel,pd3,250,292
4,Diourbel,pd3,250,292
5,Diourbel,pd3,250,292
1,Diourbel,pd3,250,292
2,Diourbel,pd3,250,292
3,Diourbel,pd3,250,292
4,Diourbel,pd3,250,292
5,Diourbel,pd3,250,292
1,Diourbel,pd3,250,292
2,Diourbel,pd3,250,292
3,Diourbel,pd3,250,292
4,Diourbel,pd3,250,292
5,Diourbel,pd3,250,292
1,Kaffrine,pd1,177,261
2,Kaffrine,pd1,177,261
3,Kaffrine,pd1,177,261
4,Kaffrine,pd1,177,261
5,Kaffrine,pd1,177,261
1,Kaffrine,pd1,177,261
2,Kaffrine,pd1,177,261
3,Kaffrine,pd1,177,261
4,Kaffrine,pd1,177,261
5,Kaffrine,pd1,177,261
1,Kaffrine,pd1,177,261
2,Kaffrine,pd1,177,261
3,Kaffrine,pd1,177,261
4,Kaffrine,pd1,177,261
5,Kaffrine,pd1,177,261
1,Kaffrine,pd1,177,261
2,Kaffrine,pd1,177,261
3,Kaffrine,pd1,177,261
4,Kaffrine,pd1,177,261
5,Kaffrine,pd1,177,261
1,Kaffrine,pd1,177,261
2,Kaffrine,pd1,177,261
3,Kaffrine,pd1,177,261
4,Kaffrine,pd1,177,261
5,Kaffrine,pd1,177,261
1,Kaffrine,pd1,177,261
2,Kaffrine,pd1,177,261
3,Kaffrine,pd1,177,261
4,Kaffrine,pd1,177,261
5,Kaffrine,pd1,177,261
1,Kaffrine,pd2,212,293
2,Kaffrine,pd2,212,293
3,Kaffrine,pd2,212,293
4,Kaffrine,pd2,212,293
5,Kaffrine,pd2,212,293
1,Kaffrine,pd2,212,293
2,Kaffrine,pd2,212,293
3,Kaffrine,pd2,212,293
4,Kaffrine,pd2,212,293
5,Kaffrine,pd2,212,293
1,Kaffrine,pd2,212,293
2,Kaffrine,pd2,212,293
3,Kaffrine,pd2,212,293
4,Kaffrine,pd2,212,293
5,Kaffrine,pd2,212,293
1,Kaffrine,pd2,212,293
2,Kaffrine,pd2,212,293
3,Kaffrine,pd2,212,293
4,Kaffrine,pd2,212,293
5,Kaffrine,pd2,212,293
1,Kaffrine,pd2,212,293
2,Kaffrine,pd2,212,293
3,Kaffrine,pd2,212,293
4,Kaffrine,pd2,212,293
5,Kaffrine,pd2,212,293
1,Kaffrine,pd2,212,293
2,Kaffrine,pd2,212,293
3,Kaffrine,pd2,212,293
4,Kaffrine,pd2,212,293
5,Kaffrine,pd2,212,293
1,Kaffrine,pd3,231,311
2,Kaffrine,pd3,231,311
3,Kaffrine,pd3,231,311
4,Kaffrine,pd3,231,311
5,Kaffrine,pd3,231,311
1,Kaffrine,pd3,231,311
2,Kaffrine,pd3,231,311
3,Kaffrine,pd3,231,311
4,Kaffrine,pd3,231,311
5,Kaffrine,pd3,231,311
1,Kaffrine,pd3,231,311
2,Kaffrine,pd3,231,311
3,Kaffrine,pd3,231,311
4,Kaffrine,pd3,231,311
5,Kaffrine,pd3,231,311
1,Kaffrine,pd3,231,311
2,Kaffrine,pd3,231,311
3,Kaffrine,pd3,231,311
4,Kaffrine,pd3,231,311
5,Kaffrine,pd3,231,311
1,Kaffrine,pd3,231,311
2,Kaffrine,pd3,231,311
3,Kaffrine,pd3,231,311
4,Kaffrine,pd3,231,311
5,Kaffrine,pd3,231,311
1,Kaffrine,pd3,231,311
2,Kaffrine,pd3,231,311
3,Kaffrine,pd3,231,311
4,Kaffrine,pd3,231,311
5,Kaffrine,pd3,231,311
1,Diourbel,pd1,191,280
2,Diourbel,pd1,191,280
3,Diourbel,pd1,191,280
4,Diourbel,pd1,191,280
5,Diourbel,pd1,191,280
1,Diourbel,pd1,191,280
2,Diourbel,pd1,191,280
3,Diourbel,pd1,191,280
4,Diourbel,pd1,191,280
5,Diourbel,pd1,191,280
1,Diourbel,pd1,191,280
2,Diourbel,pd1,191,280
3,Diourbel,pd1,191,280
4,Diourbel,pd1,191,280
5,Diourbel,pd1,191,280
1,Diourbel,pd1,191,280
2,Diourbel,pd1,191,280
3,Diourbel,pd1,191,280
4,Diourbel,pd1,191,280
5,Diourbel,pd1,191,280
1,Diourbel,pd1,191,280
2,Diourbel,pd1,191,280
3,Diourbel,pd1,191,280
4,Diourbel,pd1,191,280
5,Diourbel,pd1,191,280
1,Diourbel,pd1,191,280
2,Diourbel,pd1,191,280
3,Diourbel,pd1,191,280
4,Diourbel,pd1,191,280
5,Diourbel,pd1,191,280
1,Diourbel,pd2,228,307
2,Diourbel,pd2,228,307
3,Diourbel,pd2,228,307
4,Diourbel,pd2,228,307
5,Diourbel,pd2,228,307
1,Diourbel,pd2,228,307
2,Diourbel,pd2,228,307
3,Diourbel,pd2,228,307
4,Diourbel,pd2,228,307
5,Diourbel,pd2,228,307
1,Diourbel,pd2,228,307
2,Diourbel,pd2,228,307
3,Diourbel,pd2,228,307
4,Diourbel,pd2,228,307
5,Diourbel,pd2,228,307
1,Diourbel,pd2,228,307
2,Diourbel,pd2,228,307
3,Diourbel,pd2,228,307
4,Diourbel,pd2,228,307
5,Diourbel,pd2,228,307
1,Diourbel,pd2,228,307
2,Diourbel,pd2,228,307
3,Diourbel,pd2,228,307
4,Diourbel,pd2,228,307
5,Diourbel,pd2,228,307
1,Diourbel,pd2,228,307
2,Diourbel,pd2,228,307
3,Diourbel,pd2,228,307
4,Diourbel,pd2,228,307
5,Diourbel,pd2,228,307
1,Diourbel,pd3,244,323
2,Diourbel,pd3,244,323
3,Diourbel,pd3,244,323
4,Diourbel,pd3,244,323
5,Diourbel,pd3,244,323
1,Diourbel,pd3,244,323
2,Diourbel,pd3,244,323
3,Diourbel,pd3,244,323
4,Diourbel,pd3,244,323
5,Diourbel,pd3,244,323
1,Diourbel,pd3,244,323
2,Diourbel,pd3,244,323
3,Diourbel,pd3,244,323
4,Diourbel,pd3,244,323
5,Diourbel,pd3,244,323
1,Diourbel,pd3,244,323
2,Diourbel,pd3,244,323
3,Diourbel,pd3,244,323
4,Diourbel,pd3,244,323
5,Diourbel,pd3,244,323
1,Diourbel,pd3,244,323
2,Diourbel,pd3,244,323
3,Diourbel,pd3,244,323
4,Diourbel,pd3,244,323
5,Diourbel,pd3,244,323
1,Diourbel,pd3,244,323
2,Diourbel,pd3,244,323
3,Diourbel,pd3,244,323
4,Diourbel,pd3,244,323
5,Diourbel,pd3,244,323
1,Fatick,pd1,186,269
2,Fatick,pd1,186,269
3,Fatick,pd1,186,269
4,Fatick,pd1,186,269
5,Fatick,pd1,186,269
1,Fatick,pd1,186,269
2,Fatick,pd1,186,269
3,Fatick,pd1,186,269
4,Fatick,pd1,186,269
5,Fatick,pd1,186,269
1,Fatick,pd1,186,269
2,Fatick,pd1,186,269
3,Fatick,pd1,186,269
4,Fatick,pd1,186,269
5,Fatick,pd1,186,269
1,Fatick,pd1,186,269
2,Fatick,pd1,186,269
3,Fatick,pd1,186,269
4,Fatick,pd1,186,269
5,Fatick,pd1,186,269
1,Fatick,pd1,186,269
2,Fatick,pd1,186,269
3,Fatick,pd1,186,269
4,Fatick,pd1,186,269
5,Fatick,pd1,186,269
1,Fatick,pd1,186,269
2,Fatick,pd1,186,269
3,Fatick,pd1,186,269
4,Fatick,pd1,186,269
5,Fatick,pd1,186,269
1,Fatick,pd2,222,301
2,Fatick,pd2,222,301
3,Fatick,pd2,222,301
4,Fatick,pd2,222,301
5,Fatick,pd2,222,301
1,Fatick,pd2,222,301
2,Fatick,pd2,222,301
3,Fatick,pd2,222,301
4,Fatick,pd2,222,301
5,Fatick,pd2,222,301
1,Fatick,pd2,222,301
2,Fatick,pd2,222,301
3,Fatick,pd2,222,301
4,Fatick,pd2,222,301
5,Fatick,pd2,222,301
1,Fatick,pd2,222,301
2,Fatick,pd2,222,301
3,Fatick,pd2,222,301
4,Fatick,pd2,222,301
5,Fatick,pd2,222,301
1,Fatick,pd2,222,301
2,Fatick,pd2,222,301
3,Fatick,pd2,222,301
4,Fatick,pd2,222,301
5,Fatick,pd2,222,301
1,Fatick,pd2,222,301
2,Fatick,pd2,222,301
3,Fatick,pd2,222,301
4,Fatick,pd2,222,301
5,Fatick,pd2,222,301
1,Fatick,pd3,242,319
2,Fatick,pd3,242,319
3,Fatick,pd3,242,319
4,Fatick,pd3,242,319
5,Fatick,pd3,242,319
1,Fatick,pd3,242,319
2,Fatick,pd3,242,319
3,Fatick,pd3,242,319
4,Fatick,pd3,242,319
5,Fatick,pd3,242,319
1,Fatick,pd3,242,319
2,Fatick,pd3,242,319
3,Fatick,pd3,242,319
4,Fatick,pd3,242,319
5,Fatick,pd3,242,319
1,Fatick,pd3,242,319
2,Fatick,pd3,242,319
3,Fatick,pd3,242,319
4,Fatick,pd3,242,319
5,Fatick,pd3,242,319
1,Fatick,pd3,242,319
2,Fatick,pd3,242,319
3,Fatick,pd3,242,319
4,Fatick,pd3,242,319
5,Fatick,pd3,242,319
1,Fatick,pd3,242,319
2,Fatick,pd3,242,319
3,Fatick,pd3,242,319
4,Fatick,pd3,242,319
5,Fatick,pd3,242,319
1,Fatick,pd1,179,264
2,Fatick,pd1,179,264
3,Fatick,pd1,179,264
4,Fatick,pd1,179,264
5,Fatick,pd1,179,264
1,Fatick,pd1,179,264
2,Fatick,pd1,179,264
3,Fatick,pd1,179,264
4,Fatick,pd1,179,264
5,Fatick,pd1,179,264
1,Fatick,pd1,179,264
2,Fatick,pd1,179,264
3,Fatick,pd1,179,264
4,Fatick,pd1,179,264
5,Fatick,pd1,179,264
1,Fatick,pd1,179,264
2,Fatick,pd1,179,264
3,Fatick,pd1,179,264
4,Fatick,pd1,179,264
5,Fatick,pd1,179,264
1,Fatick,pd1,179,264
2,Fatick,pd1,179,264
3,Fatick,pd1,179,264
4,Fatick,pd1,179,264
5,Fatick,pd1,179,264
1,Fatick,pd1,179,264
2,Fatick,pd1,179,264
3,Fatick,pd1,179,264
4,Fatick,pd1,179,264
5,Fatick,pd1,179,264
1,Fatick,pd2,214,296
2,Fatick,pd2,214,296
3,Fatick,pd2,214,296
4,Fatick,pd2,214,296
5,Fatick,pd2,214,296
1,Fatick,pd2,214,296
2,Fatick,pd2,214,296
3,Fatick,pd2,214,296
4,Fatick,pd2,214,296
5,Fatick,pd2,214,296
1,Fatick,pd2,214,296
2,Fatick,pd2,214,296
3,Fatick,pd2,214,296
4,Fatick,pd2,214,296
5,Fatick,pd2,214,296
1,Fatick,pd2,214,296
2,Fatick,pd2,214,296
3,Fatick,pd2,214,296
4,Fatick,pd2,214,296
5,Fatick,pd2,214,296
1,Fatick,pd2,214,296
2,Fatick,pd2,214,296
3,Fatick,pd2,214,296
4,Fatick,pd2,214,296
5,Fatick,pd2,214,296
1,Fatick,pd2,214,296
2,Fatick,pd2,214,296
3,Fatick,pd2,214,296
4,Fatick,pd2,214,296
5,Fatick,pd2,214,296
1,Fatick,pd3,234,313
2,Fatick,pd3,234,313
3,Fatick,pd3,234,313
4,Fatick,pd3,234,313
5,Fatick,pd3,234,313
1,Fatick,pd3,234,313
2,Fatick,pd3,234,313
3,Fatick,pd3,234,313
4,Fatick,pd3,234,313
5,Fatick,pd3,234,313
1,Fatick,pd3,234,313
2,Fatick,pd3,234,313
3,Fatick,pd3,234,313
4,Fatick,pd3,234,313
5,Fatick,pd3,234,313
1,Fatick,pd3,234,313
2,Fatick,pd3,234,313
3,Fatick,pd3,234,313
4,Fatick,pd3,234,313
5,Fatick,pd3,234,313
1,Fatick,pd3,234,313
2,Fatick,pd3,234,313
3,Fatick,pd3,234,313
4,Fatick,pd3,234,313
5,Fatick,pd3,234,313
1,Fatick,pd3,234,313
2,Fatick,pd3,234,313
3,Fatick,pd3,234,313
4,Fatick,pd3,234,313
5,Fatick,pd3,234,313
1,Fatick,pd1,181,263
2,Fatick,pd1,181,263
3,Fatick,pd1,181,263
4,Fatick,pd1,181,263
5,Fatick,pd1,181,263
1,Fatick,pd1,181,263
2,Fatick,pd1,181,263
3,Fatick,pd1,181,263
4,Fatick,pd1,181,263
5,Fatick,pd1,181,263
1,Fatick,pd1,181,263
2,Fatick,pd1,181,263
3,Fatick,pd1,181,263
4,Fatick,pd1,181,263
5,Fatick,pd1,181,263
1,Fatick,pd1,181,263
2,Fatick,pd1,181,263
3,Fatick,pd1,181,263
4,Fatick,pd1,181,263
5,Fatick,pd1,181,263
1,Fatick,pd1,181,263
2,Fatick,pd1,181,263
3,Fatick,pd1,181,263
4,Fatick,pd1,181,263
5,Fatick,pd1,181,263
1,Fatick,pd1,181,263
2,Fatick,pd1,181,263
3,Fatick,pd1,181,263
4,Fatick,pd1,181,263
5,Fatick,pd1,181,263
1,Fatick,pd2,216,296
2,Fatick,pd2,216,296
3,Fatick,pd2,216,296
4,Fatick,pd2,216,296
5,Fatick,pd2,216,296
1,Fatick,pd2,216,296
2,Fatick,pd2,216,296
3,Fatick,pd2,216,296
4,Fatick,pd2,216,296
5,Fatick,pd2,216,296
1,Fatick,pd2,216,296
2,Fatick,pd2,216,296
3,Fatick,pd2,216,296
4,Fatick,pd2,216,296
5,Fatick,pd2,216,296
1,Fatick,pd2,216,296
2,Fatick,pd2,216,296
3,Fatick,pd2,216,296
4,Fatick,pd2,216,296
5,Fatick,pd2,216,296
1,Fatick,pd2,216,296
2,Fatick,pd2,216,296
3,Fatick,pd2,216,296
4,Fatick,pd2,216,296
5,Fatick,pd2,216,296
1,Fatick,pd2,216,296
2,Fatick,pd2,216,296
3,Fatick,pd2,216,296
4,Fatick,pd2,216,296
5,Fatick,pd2,216,296
1,Fatick,pd3,236,314
2,Fatick,pd3,236,314
3,Fatick,pd3,236,314
4,Fatick,pd3,236,314
5,Fatick,pd3,236,314
1,Fatick,pd3,236,314
2,Fatick,pd3,236,314
3,Fatick,pd3,236,314
4,Fatick,pd3,236,314
5,Fatick,pd3,236,314
1,Fatick,pd3,236,314
2,Fatick,pd3,236,314
3,Fatick,pd3,236,314
4,Fatick,pd3,236,314
5,Fatick,pd3,236,314
1,Fatick,pd3,236,314
2,Fatick,pd3,236,314
3,Fatick,pd3,236,314
4,Fatick,pd3,236,314
5,Fatick,pd3,236,314
1,Fatick,pd3,236,314
2,Fatick,pd3,236,314
3,Fatick,pd3,236,314
4,Fatick,pd3,236,314
5,Fatick,pd3,236,314
1,Fatick,pd3,236,314
2,Fatick,pd3,236,314
3,Fatick,pd3,236,314
4,Fatick,pd3,236,314
5,Fatick,pd3,236,314
1,Kaffrine,pd1,177,260
2,Kaffrine,pd1,177,260
3,Kaffrine,pd1,177,260
4,Kaffrine,pd1,177,260
5,Kaffrine,pd1,177,260
1,Kaffrine,pd1,177,260
2,Kaffrine,pd1,177,260
3,Kaffrine,pd1,177,260
4,Kaffrine,pd1,177,260
5,Kaffrine,pd1,177,260
1,Kaffrine,pd1,177,260
2,Kaffrine,pd1,177,260
3,Kaffrine,pd1,177,260
4,Kaffrine,pd1,177,260
5,Kaffrine,pd1,177,260
1,Kaffrine,pd1,177,260
2,Kaffrine,pd1,177,260
3,Kaffrine,pd1,177,260
4,Kaffrine,pd1,177,260
5,Kaffrine,pd1,177,260
1,Kaffrine,pd1,177,260
2,Kaffrine,pd1,177,260
3,Kaffrine,pd1,177,260
4,Kaffrine,pd1,177,260
5,Kaffrine,pd1,177,260
1,Kaffrine,pd1,177,260
2,Kaffrine,pd1,177,260
3,Kaffrine,pd1,177,260
4,Kaffrine,pd1,177,260
5,Kaffrine,pd1,177,260
1,Kaffrine,pd2,212,294
2,Kaffrine,pd2,212,294
3,Kaffrine,pd2,212,294
4,Kaffrine,pd2,212,294
5,Kaffrine,pd2,212,294
1,Kaffrine,pd2,212,294
2,Kaffrine,pd2,212,294
3,Kaffrine,pd2,212,294
4,Kaffrine,pd2,212,294
5,Kaffrine,pd2,212,294
1,Kaffrine,pd2,212,294
2,Kaffrine,pd2,212,294
3,Kaffrine,pd2,212,294
4,Kaffrine,pd2,212,294
5,Kaffrine,pd2,212,294
1,Kaffrine,pd2,212,294
2,Kaffrine,pd2,212,294
3,Kaffrine,pd2,212,294
4,Kaffrine,pd2,212,294
5,Kaffrine,pd2,212,294
1,Kaffrine,pd2,212,294
2,Kaffrine,pd2,212,294
3,Kaffrine,pd2,212,294
4,Kaffrine,pd2,212,294
5,Kaffrine,pd2,212,294
1,Kaffrine,pd2,212,294
2,Kaffrine,pd2,212,294
3,Kaffrine,pd2,212,294
4,Kaffrine,pd2,212,294
5,Kaffrine,pd2,212,294
1,Kaffrine,pd3,231,311
2,Kaffrine,pd3,231,311
3,Kaffrine,pd3,231,311
4,Kaffrine,pd3,231,311
5,Kaffrine,pd3,231,311
1,Kaffrine,pd3,231,311
2,Kaffrine,pd3,231,311
3,Kaffrine,pd3,231,311
4,Kaffrine,pd3,231,311
5,Kaffrine,pd3,231,311
1,Kaffrine,pd3,231,311
2,Kaffrine,pd3,231,311
3,Kaffrine,pd3,231,311
4,Kaffrine,pd3,231,311
5,Kaffrine,pd3,231,311
1,Kaffrine,pd3,231,311
2,Kaffrine,pd3,231,311
3,Kaffrine,pd3,231,311
4,Kaffrine,pd3,231,311
5,Kaffrine,pd3,231,311
1,Kaffrine,pd3,231,311
2,Kaffrine,pd3,231,311
3,Kaffrine,pd3,231,311
4,Kaffrine,pd3,231,311
5,Kaffrine,pd3,231,311
1,Kaffrine,pd3,231,311
2,Kaffrine,pd3,231,311
3,Kaffrine,pd3,231,311
4,Kaffrine,pd3,231,311
5,Kaffrine,pd3,231,311
1,Kaolack,pd1,181,264
2,Kaolack,pd1,181,264
3,Kaolack,pd1,181,264
4,Kaolack,pd1,181,264
5,Kaolack,pd1,181,264
1,Kaolack,pd1,181,264
2,Kaolack,pd1,181,264
3,Kaolack,pd1,181,264
4,Kaolack,pd1,181,264
5,Kaolack,pd1,181,264
1,Kaolack,pd1,181,264
2,Kaolack,pd1,181,264
3,Kaolack,pd1,181,264
4,Kaolack,pd1,181,264
5,Kaolack,pd1,181,264
1,Kaolack,pd1,181,264
2,Kaolack,pd1,181,264
3,Kaolack,pd1,181,264
4,Kaolack,pd1,181,264
5,Kaolack,pd1,181,264
1,Kaolack,pd1,181,264
2,Kaolack,pd1,181,264
3,Kaolack,pd1,181,264
4,Kaolack,pd1,181,264
5,Kaolack,pd1,181,264
1,Kaolack,pd1,181,264
2,Kaolack,pd1,181,264
3,Kaolack,pd1,181,264
4,Kaolack,pd1,181,264
5,Kaolack,pd1,181,264
1,Kaolack,pd2,215,296
2,Kaolack,pd2,215,296
3,Kaolack,pd2,215,296
4,Kaolack,pd2,215,296
5,Kaolack,pd2,215,296
1,Kaolack,pd2,215,296
2,Kaolack,pd2,215,296
3,Kaolack,pd2,215,296
4,Kaolack,pd2,215,296
5,Kaolack,pd2,215,296
1,Kaolack,pd2,215,296
2,Kaolack,pd2,215,296
3,Kaolack,pd2,215,296
4,Kaolack,pd2,215,296
5,Kaolack,pd2,215,296
1,Kaolack,pd2,215,296
2,Kaolack,pd2,215,296
3,Kaolack,pd2,215,296
4,Kaolack,pd2,215,296
5,Kaolack,pd2,215,296
1,Kaolack,pd2,215,296
2,Kaolack,pd2,215,296
3,Kaolack,pd2,215,296
4,Kaolack,pd2,215,296
5,Kaolack,pd2,215,296
1,Kaolack,pd2,215,296
2,Kaolack,pd2,215,296
3,Kaolack,pd2,215,296
4,Kaolack,pd2,215,296
5,Kaolack,pd2,215,296
1,Kaolack,pd3,235,314
2,Kaolack,pd3,235,314
3,Kaolack,pd3,235,314
4,Kaolack,pd3,235,314
5,Kaolack,pd3,235,314
1,Kaolack,pd3,235,314
2,Kaolack,pd3,235,314
3,Kaolack,pd3,235,314
4,Kaolack,pd3,235,314
5,Kaolack,pd3,235,314
1,Kaolack,pd3,235,314
2,Kaolack,pd3,235,314
3,Kaolack,pd3,235,314
4,Kaolack,pd3,235,314
5,Kaolack,pd3,235,314
1,Kaolack,pd3,235,314
2,Kaolack,pd3,235,314
3,Kaolack,pd3,235,314
4,Kaolack,pd3,235,314
5,Kaolack,pd3,235,314
1,Kaolack,pd3,235,314
2,Kaolack,pd3,235,314
3,Kaolack,pd3,235,314
4,Kaolack,pd3,235,314
5,Kaolack,pd3,235,314
1,Kaolack,pd3,235,314
2,Kaolack,pd3,235,314
3,Kaolack,pd3,235,314
4,Kaolack,pd3,235,314
5,Kaolack,pd3,235,314
1,Kolda,pd1,160,283
2,Kolda,pd1,160,283
3,Kolda,pd1,160,283
4,Kolda,pd1,160,283
5,Kolda,pd1,160,283
1,Kolda,pd1,160,283
2,Kolda,pd1,160,283
3,Kolda,pd1,160,283
4,Kolda,pd1,160,283
5,Kolda,pd1,160,283
1,Kolda,pd1,160,283
2,Kolda,pd1,160,283
3,Kolda,pd1,160,283
4,Kolda,pd1,160,283
5,Kolda,pd1,160,283
1,Kolda,pd1,160,283
2,Kolda,pd1,160,283
3,Kolda,pd1,160,283
4,Kolda,pd1,160,283
5,Kolda,pd1,160,283
1,Kolda,pd1,160,283
2,Kolda,pd1,160,283
3,Kolda,pd1,160,283
4,Kolda,pd1,160,283
5,Kolda,pd1,160,283
1,Kolda,pd1,160,283
2,Kolda,pd1,160,283
3,Kolda,pd1,160,283
4,Kolda,pd1,160,283
5,Kolda,pd1,160,283
1,Kolda,pd2,193,320
2,Kolda,pd2,193,320
3,Kolda,pd2,193,320
4,Kolda,pd2,193,320
5,Kolda,pd2,193,320
1,Kolda,pd2,193,320
2,Kolda,pd2,193,320
3,Kolda,pd2,193,320
4,Kolda,pd2,193,320
5,Kolda,pd2,193,320
1,Kolda,pd2,193,320
2,Kolda,pd2,193,320
3,Kolda,pd2,193,320
4,Kolda,pd2,193,320
5,Kolda,pd2,193,320
1,Kolda,pd2,193,320
2,Kolda,pd2,193,320
3,Kolda,pd2,193,320
4,Kolda,pd2,193,320
5,Kolda,pd2,193,320
1,Kolda,pd2,193,320
2,Kolda,pd2,193,320
3,Kolda,pd2,193,320
4,Kolda,pd2,193,320
5,Kolda,pd2,193,320
1,Kolda,pd2,193,320
2,Kolda,pd2,193,320
3,Kolda,pd2,193,320
4,Kolda,pd2,193,320
5,Kolda,pd2,193,320
1,Kolda,pd3,213,343
2,Kolda,pd3,213,343
3,Kolda,pd3,213,343
4,Kolda,pd3,213,343
5,Kolda,pd3,213,343
1,Kolda,pd3,213,343
2,Kolda,pd3,213,343
3,Kolda,pd3,213,343
4,Kolda,pd3,213,343
5,Kolda,pd3,213,343
1,Kolda,pd3,213,343
2,Kolda,pd3,213,343
3,Kolda,pd3,213,343
4,Kolda,pd3,213,343
5,Kolda,pd3,213,343
1,Kolda,pd3,213,343
2,Kolda,pd3,213,343
3,Kolda,pd3,213,343
4,Kolda,pd3,213,343
5,Kolda,pd3,213,343
1,Kolda,pd3,213,343
2,Kolda,pd3,213,343
3,Kolda,pd3,213,343
4,Kolda,pd3,213,343
5,Kolda,pd3,213,343
1,Kolda,pd3,213,343
2,Kolda,pd3,213,343
3,Kolda,pd3,213,343
4,Kolda,pd3,213,343
5,Kolda,pd3,213,343
1,Kaffrine,pd1,172,255
2,Kaffrine,pd1,172,255
3,Kaffrine,pd1,172,255
4,Kaffrine,pd1,172,255
5,Kaffrine,pd1,172,255
1,Kaffrine,pd1,172,255
2,Kaffrine,pd1,172,255
3,Kaffrine,pd1,172,255
4,Kaffrine,pd1,172,255
5,Kaffrine,pd1,172,255
1,Kaffrine,pd1,172,255
2,Kaffrine,pd1,172,255
3,Kaffrine,pd1,172,255
4,Kaffrine,pd1,172,255
5,Kaffrine,pd1,172,255
1,Kaffrine,pd1,172,255
2,Kaffrine,pd1,172,255
3,Kaffrine,pd1,172,255
4,Kaffrine,pd1,172,255
5,Kaffrine,pd1,172,255
1,Kaffrine,pd1,172,255
2,Kaffrine,pd1,172,255
3,Kaffrine,pd1,172,255
4,Kaffrine,pd1,172,255
5,Kaffrine,pd1,172,255
1,Kaffrine,pd1,172,255
2,Kaffrine,pd1,172,255
3,Kaffrine,pd1,172,255
4,Kaffrine,pd1,172,255
5,Kaffrine,pd1,172,255
1,Kaffrine,pd2,207,290
2,Kaffrine,pd2,207,290
3,Kaffrine,pd2,207,290
4,Kaffrine,pd2,207,290
5,Kaffrine,pd2,207,290
1,Kaffrine,pd2,207,290
2,Kaffrine,pd2,207,290
3,Kaffrine,pd2,207,290
4,Kaffrine,pd2,207,290
5,Kaffrine,pd2,207,290
1,Kaffrine,pd2,207,290
2,Kaffrine,pd2,207,290
3,Kaffrine,pd2,207,290
4,Kaffrine,pd2,207,290
5,Kaffrine,pd2,207,290
1,Kaffrine,pd2,207,290
2,Kaffrine,pd2,207,290
3,Kaffrine,pd2,207,290
4,Kaffrine,pd2,207,290
5,Kaffrine,pd2,207,290
1,Kaffrine,pd2,207,290
2,Kaffrine,pd2,207,290
3,Kaffrine,pd2,207,290
4,Kaffrine,pd2,207,290
5,Kaffrine,pd2,207,290
1,Kaffrine,pd2,207,290
2,Kaffrine,pd2,207,290
3,Kaffrine,pd2,207,290
4,Kaffrine,pd2,207,290
5,Kaffrine,pd2,207,290
1,Kaffrine,pd3,228,308
2,Kaffrine,pd3,228,308
3,Kaffrine,pd3,228,308
4,Kaffrine,pd3,228,308
5,Kaffrine,pd3,228,308
1,Kaffrine,pd3,228,308
2,Kaffrine,pd3,228,308
3,Kaffrine,pd3,228,308
4,Kaffrine,pd3,228,308
5,Kaffrine,pd3,228,308
1,Kaffrine,pd3,228,308
2,Kaffrine,pd3,228,308
3,Kaffrine,pd3,228,308
4,Kaffrine,pd3,228,308
5,Kaffrine,pd3,228,308
1,Kaffrine,pd3,228,308
2,Kaffrine,pd3,228,308
3,Kaffrine,pd3,228,308
4,Kaffrine,pd3,228,308
5,Kaffrine,pd3,228,308
1,Kaffrine,pd3,228,308
2,Kaffrine,pd3,228,308
3,Kaffrine,pd3,228,308
4,Kaffrine,pd3,228,308
5,Kaffrine,pd3,228,308
1,Kaffrine,pd3,228,308
2,Kaffrine,pd3,228,308
3,Kaffrine,pd3,228,308
4,Kaffrine,pd3,228,308
5,Kaffrine,pd3,228,308
1,Kaffrine,pd1,175,258
2,Kaffrine,pd1,175,258
3,Kaffrine,pd1,175,258
4,Kaffrine,pd1,175,258
5,Kaffrine,pd1,175,258
1,Kaffrine,pd1,175,258
2,Kaffrine,pd1,175,258
3,Kaffrine,pd1,175,258
4,Kaffrine,pd1,175,258
5,Kaffrine,pd1,175,258
1,Kaffrine,pd1,175,258
2,Kaffrine,pd1,175,258
3,Kaffrine,pd1,175,258
4,Kaffrine,pd1,175,258
5,Kaffrine,pd1,175,258
1,Kaffrine,pd1,175,258
2,Kaffrine,pd1,175,258
3,Kaffrine,pd1,175,258
4,Kaffrine,pd1,175,258
5,Kaffrine,pd1,175,258
1,Kaffrine,pd1,175,258
2,Kaffrine,pd1,175,258
3,Kaffrine,pd1,175,258
4,Kaffrine,pd1,175,258
5,Kaffrine,pd1,175,258
1,Kaffrine,pd1,175,258
2,Kaffrine,pd1,175,258
3,Kaffrine,pd1,175,258
4,Kaffrine,pd1,175,258
5,Kaffrine,pd1,175,258
1,Kaffrine,pd2,210,292
2,Kaffrine,pd2,210,292
3,Kaffrine,pd2,210,292
4,Kaffrine,pd2,210,292
5,Kaffrine,pd2,210,292
1,Kaffrine,pd2,210,292
2,Kaffrine,pd2,210,292
3,Kaffrine,pd2,210,292
4,Kaffrine,pd2,210,292
5,Kaffrine,pd2,210,292
1,Kaffrine,pd2,210,292
2,Kaffrine,pd2,210,292
3,Kaffrine,pd2,210,292
4,Kaffrine,pd2,210,292
5,Kaffrine,pd2,210,292
1,Kaffrine,pd2,210,292
2,Kaffrine,pd2,210,292
3,Kaffrine,pd2,210,292
4,Kaffrine,pd2,210,292
5,Kaffrine,pd2,210,292
1,Kaffrine,pd2,210,292
2,Kaffrine,pd2,210,292
3,Kaffrine,pd2,210,292
4,Kaffrine,pd2,210,292
5,Kaffrine,pd2,210,292
1,Kaffrine,pd2,210,292
2,Kaffrine,pd2,210,292
3,Kaffrine,pd2,210,292
4,Kaffrine,pd2,210,292
5,Kaffrine,pd2,210,292
1,Kaffrine,pd3,230,310
2,Kaffrine,pd3,230,310
3,Kaffrine,pd3,230,310
4,Kaffrine,pd3,230,310
5,Kaffrine,pd3,230,310
1,Kaffrine,pd3,230,310
2,Kaffrine,pd3,230,310
3,Kaffrine,pd3,230,310
4,Kaffrine,pd3,230,310
5,Kaffrine,pd3,230,310
1,Kaffrine,pd3,230,310
2,Kaffrine,pd3,230,310
3,Kaffrine,pd3,230,310
4,Kaffrine,pd3,230,310
5,Kaffrine,pd3,230,310
1,Kaffrine,pd3,230,310
2,Kaffrine,pd3,230,310
3,Kaffrine,pd3,230,310
4,Kaffrine,pd3,230,310
5,Kaffrine,pd3,230,310
1,Kaffrine,pd3,230,310
2,Kaffrine,pd3,230,310
3,Kaffrine,pd3,230,310
4,Kaffrine,pd3,230,310
5,Kaffrine,pd3,230,310
1,Kaffrine,pd3,230,310
2,Kaffrine,pd3,230,310
3,Kaffrine,pd3,230,310
4,Kaffrine,pd3,230,310
5,Kaffrine,pd3,230,310
1,Diourbel,pd1,191,276
2,Diourbel,pd1,191,276
3,Diourbel,pd1,191,276
4,Diourbel,pd1,191,276
5,Diourbel,pd1,191,276
1,Diourbel,pd1,191,276
2,Diourbel,pd1,191,276
3,Diourbel,pd1,191,276
4,Diourbel,pd1,191,276
5,Diourbel,pd1,191,276
1,Diourbel,pd1,191,276
2,Diourbel,pd1,191,276
3,Diourbel,pd1,191,276
4,Diourbel,pd1,191,276
5,Diourbel,pd1,191,276
1,Diourbel,pd1,191,276
2,Diourbel,pd1,191,276
3,Diourbel,pd1,191,276
4,Diourbel,pd1,191,276
5,Diourbel,pd1,191,276
1,Diourbel,pd1,191,276
2,Diourbel,pd1,191,276
3,Diourbel,pd1,191,276
4,Diourbel,pd1,191,276
5,Diourbel,pd1,191,276
1,Diourbel,pd1,191,276
2,Diourbel,pd1,191,276
3,Diourbel,pd1,191,276
4,Diourbel,pd1,191,276
5,Diourbel,pd1,191,276
1,Diourbel,pd2,224,303
2,Diourbel,pd2,224,303
3,Diourbel,pd2,224,303
4,Diourbel,pd2,224,303
5,Diourbel,pd2,224,303
1,Diourbel,pd2,224,303
2,Diourbel,pd2,224,303
3,Diourbel,pd2,224,303
4,Diourbel,pd2,224,303
5,Diourbel,pd2,224,303
1,Diourbel,pd2,224,303
2,Diourbel,pd2,224,303
3,Diourbel,pd2,224,303
4,Diourbel,pd2,224,303
5,Diourbel,pd2,224,303
1,Diourbel,pd2,224,303
2,Diourbel,pd2,224,303
3,Diourbel,pd2,224,303
4,Diourbel,pd2,224,303
5,Diourbel,pd2,224,303
1,Diourbel,pd2,224,303
2,Diourbel,pd2,224,303
3,Diourbel,pd2,224,303
4,Diourbel,pd2,224,303
5,Diourbel,pd2,224,303
1,Diourbel,pd2,224,303
2,Diourbel,pd2,224,303
3,Diourbel,pd2,224,303
4,Diourbel,pd2,224,303
5,Diourbel,pd2,224,303
1,Diourbel,pd3,247,325
2,Diourbel,pd3,247,325
3,Diourbel,pd3,247,325
4,Diourbel,pd3,247,325
5,Diourbel,pd3,247,325
1,Diourbel,pd3,247,325
2,Diourbel,pd3,247,325
3,Diourbel,pd3,247,325
4,Diourbel,pd3,247,325
5,Diourbel,pd3,247,325
1,Diourbel,pd3,247,325
2,Diourbel,pd3,247,325
3,Diourbel,pd3,247,325
4,Diourbel,pd3,247,325
5,Diourbel,pd3,247,325
1,Diourbel,pd3,247,325
2,Diourbel,pd3,247,325
3,Diourbel,pd3,247,325
4,Diourbel,pd3,247,325
5,Diourbel,pd3,247,325
1,Diourbel,pd3,247,325
2,Diourbel,pd3,247,325
3,Diourbel,pd3,247,325
4,Diourbel,pd3,247,325
5,Diourbel,pd3,247,325
1,Diourbel,pd3,247,325
2,Diourbel,pd3,247,325
3,Diourbel,pd3,247,325
4,Diourbel,pd3,247,325
5,Diourbel,pd3,247,325
1,Thies,pd1,192,271
2,Thies,pd1,192,271
3,Thies,pd1,192,271
4,Thies,pd1,192,271
5,Thies,pd1,192,271
1,Thies,pd1,192,271
2,Thies,pd1,192,271
3,Thies,pd1,192,271
4,Thies,pd1,192,271
5,Thies,pd1,192,271
1,Thies,pd1,192,271
2,Thies,pd1,192,271
3,Thies,pd1,192,271
4,Thies,pd1,192,271
5,Thies,pd1,192,271
1,Thies,pd1,192,271
2,Thies,pd1,192,271
3,Thies,pd1,192,271
4,Thies,pd1,192,271
5,Thies,pd1,192,271
1,Thies,pd1,192,271
2,Thies,pd1,192,271
3,Thies,pd1,192,271
4,Thies,pd1,192,271
5,Thies,pd1,192,271
1,Thies,pd1,192,271
2,Thies,pd1,192,271
3,Thies,pd1,192,271
4,Thies,pd1,192,271
5,Thies,pd1,192,271
1,Thies,pd2,228,306
2,Thies,pd2,228,306
3,Thies,pd2,228,306
4,Thies,pd2,228,306
5,Thies,pd2,228,306
1,Thies,pd2,228,306
2,Thies,pd2,228,306
3,Thies,pd2,228,306
4,Thies,pd2,228,306
5,Thies,pd2,228,306
1,Thies,pd2,228,306
2,Thies,pd2,228,306
3,Thies,pd2,228,306
4,Thies,pd2,228,306
5,Thies,pd2,228,306
1,Thies,pd2,228,306
2,Thies,pd2,228,306
3,Thies,pd2,228,306
4,Thies,pd2,228,306
5,Thies,pd2,228,306
1,Thies,pd2,228,306
2,Thies,pd2,228,306
3,Thies,pd2,228,306
4,Thies,pd2,228,306
5,Thies,pd2,228,306
1,Thies,pd2,228,306
2,Thies,pd2,228,306
3,Thies,pd2,228,306
4,Thies,pd2,228,306
5,Thies,pd2,228,306
1,Thies,pd3,251,307
2,Thies,pd3,251,307
3,Thies,pd3,251,307
4,Thies,pd3,251,307
5,Thies,pd3,251,307
1,Thies,pd3,251,307
2,Thies,pd3,251,307
3,Thies,pd3,251,307
4,Thies,pd3,251,307
5,Thies,pd3,251,307
1,Thies,pd3,251,307
2,Thies,pd3,251,307
3,Thies,pd3,251,307
4,Thies,pd3,251,307
5,Thies,pd3,251,307
1,Thies,pd3,251,307
2,Thies,pd3,251,307
3,Thies,pd3,251,307
4,Thies,pd3,251,307
5,Thies,pd3,251,307
1,Thies,pd3,251,307
2,Thies,pd3,251,307
3,Thies,pd3,251,307
4,Thies,pd3,251,307
5,Thies,pd3,251,307
1,Thies,pd3,251,307
2,Thies,pd3,251,307
3,Thies,pd3,251,307
4,Thies,pd3,251,307
5,Thies,pd3,251,307
1,Kolda,pd1,165,286
2,Kolda,pd1,165,286
3,Kolda,pd1,165,286
4,Kolda,pd1,165,286
5,Kolda,pd1,165,286
1,Kolda,pd1,165,286
2,Kolda,pd1,165,286
3,Kolda,pd1,165,286
4,Kolda,pd1,165,286
5,Kolda,pd1,165,286
1,Kolda,pd1,165,286
2,Kolda,pd1,165,286
3,Kolda,pd1,165,286
4,Kolda,pd1,165,286
5,Kolda,pd1,165,286
1,Kolda,pd1,165,286
2,Kolda,pd1,165,286
3,Kolda,pd1,165,286
4,Kolda,pd1,165,286
5,Kolda,pd1,165,286
1,Kolda,pd1,165,286
2,Kolda,pd1,165,286
3,Kolda,pd1,165,286
4,Kolda,pd1,165,286
5,Kolda,pd1,165,286
1,Kolda,pd1,165,286
2,Kolda,pd1,165,286
3,Kolda,pd1,165,286
4,Kolda,pd1,165,286
5,Kolda,pd1,165,286
1,Kolda,pd2,200,315
2,Kolda,pd2,200,315
3,Kolda,pd2,200,315
4,Kolda,pd2,200,315
5,Kolda,pd2,200,315
1,Kolda,pd2,200,315
2,Kolda,pd2,200,315
3,Kolda,pd2,200,315
4,Kolda,pd2,200,315
5,Kolda,pd2,200,315
1,Kolda,pd2,200,315
2,Kolda,pd2,200,315
3,Kolda,pd2,200,315
4,Kolda,pd2,200,315
5,Kolda,pd2,200,315
1,Kolda,pd2,200,315
2,Kolda,pd2,200,315
3,Kolda,pd2,200,315
4,Kolda,pd2,200,315
5,Kolda,pd2,200,315
1,Kolda,pd2,200,315
2,Kolda,pd2,200,315
3,Kolda,pd2,200,315
4,Kolda,pd2,200,315
5,Kolda,pd2,200,315
1,Kolda,pd2,200,315
2,Kolda,pd2,200,315
3,Kolda,pd2,200,315
4,Kolda,pd2,200,315
5,Kolda,pd2,200,315
1,Kolda,pd3,220,336
2,Kolda,pd3,220,336
3,Kolda,pd3,220,336
4,Kolda,pd3,220,336
5,Kolda,pd3,220,336
1,Kolda,pd3,220,336
2,Kolda,pd3,220,336
3,Kolda,pd3,220,336
4,Kolda,pd3,220,336
5,Kolda,pd3,220,336
1,Kolda,pd3,220,336
2,Kolda,pd3,220,336
3,Kolda,pd3,220,336
4,Kolda,pd3,220,336
5,Kolda,pd3,220,336
1,Kolda,pd3,220,336
2,Kolda,pd3,220,336
3,Kolda,pd3,220,336
4,Kolda,pd3,220,336
5,Kolda,pd3,220,336
1,Kolda,pd3,220,336
2,Kolda,pd3,220,336
3,Kolda,pd3,220,336
4,Kolda,pd3,220,336
5,Kolda,pd3,220,336
1,Kolda,pd3,220,336
2,Kolda,pd3,220,336
3,Kolda,pd3,220,336
4,Kolda,pd3,220,336
5,Kolda,pd3,220,336
1,Kaolack,pd1,178,264
2,Kaolack,pd1,178,264
3,Kaolack,pd1,178,264
4,Kaolack,pd1,178,264
5,Kaolack,pd1,178,264
1,Kaolack,pd1,178,264
2,Kaolack,pd1,178,264
3,Kaolack,pd1,178,264
4,Kaolack,pd1,178,264
5,Kaolack,pd1,178,264
1,Kaolack,pd1,178,264
2,Kaolack,pd1,178,264
3,Kaolack,pd1,178,264
4,Kaolack,pd1,178,264
5,Kaolack,pd1,178,264
1,Kaolack,pd1,178,264
2,Kaolack,pd1,178,264
3,Kaolack,pd1,178,264
4,Kaolack,pd1,178,264
5,Kaolack,pd1,178,264
1,Kaolack,pd1,178,264
2,Kaolack,pd1,178,264
3,Kaolack,pd1,178,264
4,Kaolack,pd1,178,264
5,Kaolack,pd1,178,264
1,Kaolack,pd1,178,264
2,Kaolack,pd1,178,264
3,Kaolack,pd1,178,264
4,Kaolack,pd1,178,264
5,Kaolack,pd1,178,264
1,Kaolack,pd2,213,295
2,Kaolack,pd2,213,295
3,Kaolack,pd2,213,295
4,Kaolack,pd2,213,295
5,Kaolack,pd2,213,295
1,Kaolack,pd2,213,295
2,Kaolack,pd2,213,295
3,Kaolack,pd2,213,295
4,Kaolack,pd2,213,295
5,Kaolack,pd2,213,295
1,Kaolack,pd2,213,295
2,Kaolack,pd2,213,295
3,Kaolack,pd2,213,295
4,Kaolack,pd2,213,295
5,Kaolack,pd2,213,295
1,Kaolack,pd2,213,295
2,Kaolack,pd2,213,295
3,Kaolack,pd2,213,295
4,Kaolack,pd2,213,295
5,Kaolack,pd2,213,295
1,Kaolack,pd2,213,295
2,Kaolack,pd2,213,295
3,Kaolack,pd2,213,295
4,Kaolack,pd2,213,295
5,Kaolack,pd2,213,295
1,Kaolack,pd2,213,295
2,Kaolack,pd2,213,295
3,Kaolack,pd2,213,295
4,Kaolack,pd2,213,295
5,Kaolack,pd2,213,295
1,Kaolack,pd3,234,314
2,Kaolack,pd3,234,314
3,Kaolack,pd3,234,314
4,Kaolack,pd3,234,314
5,Kaolack,pd3,234,314
1,Kaolack,pd3,234,314
2,Kaolack,pd3,234,314
3,Kaolack,pd3,234,314
4,Kaolack,pd3,234,314
5,Kaolack,pd3,234,314
1,Kaolack,pd3,234,314
2,Kaolack,pd3,234,314
3,Kaolack,pd3,234,314
4,Kaolack,pd3,234,314
5,Kaolack,pd3,234,314
1,Kaolack,pd3,234,314
2,Kaolack,pd3,234,314
3,Kaolack,pd3,234,314
4,Kaolack,pd3,234,314
5,Kaolack,pd3,234,314
1,Kaolack,pd3,234,314
2,Kaolack,pd3,234,314
3,Kaolack,pd3,234,314
4,Kaolack,pd3,234,314
5,Kaolack,pd3,234,314
1,Kaolack,pd3,234,314
2,Kaolack,pd3,234,314
3,Kaolack,pd3,234,314
4,Kaolack,pd3,234,314
5,Kaolack,pd3,234,314
1,Thies,pd1,200,280
2,Thies,pd1,200,280
3,Thies,pd1,200,280
4,Thies,pd1,200,280
5,Thies,pd1,200,280
1,Thies,pd1,200,280
2,Thies,pd1,200,280
3,Thies,pd1,200,280
4,Thies,pd1,200,280
5,Thies,pd1,200,280
1,Thies,pd1,200,280
2,Thies,pd1,200,280
3,Thies,pd1,200,280
4,Thies,pd1,200,280
5,Thies,pd1,200,280
1,Thies,pd1,200,280
2,Thies,pd1,200,280
3,Thies,pd1,200,280
4,Thies,pd1,200,280
5,Thies,pd1,200,280
1,Thies,pd1,200,280
2,Thies,pd1,200,280
3,Thies,pd1,200,280
4,Thies,pd1,200,280
5,Thies,pd1,200,280
1,Thies,pd1,200,280
2,Thies,pd1,200,280
3,Thies,pd1,200,280
4,Thies,pd1,200,280
5,Thies,pd1,200,280
1,Thies,pd2,234,312
2,Thies,pd2,234,312
3,Thies,pd2,234,312
4,Thies,pd2,234,312
5,Thies,pd2,234,312
1,Thies,pd2,234,312
2,Thies,pd2,234,312
3,Thies,pd2,234,312
4,Thies,pd2,234,312
5,Thies,pd2,234,312
1,Thies,pd2,234,312
2,Thies,pd2,234,312
3,Thies,pd2,234,312
4,Thies,pd2,234,312
5,Thies,pd2,234,312
1,Thies,pd2,234,312
2,Thies,pd2,234,312
3,Thies,pd2,234,312
4,Thies,pd2,234,312
5,Thies,pd2,234,312
1,Thies,pd2,234,312
2,Thies,pd2,234,312
3,Thies,pd2,234,312
4,Thies,pd2,234,312
5,Thies,pd2,234,312
1,Thies,pd2,234,312
2,Thies,pd2,234,312
3,Thies,pd2,234,312
4,Thies,pd2,234,312
5,Thies,pd2,234,312
1,Thies,pd3,254,320
2,Thies,pd3,254,320
3,Thies,pd3,254,320
4,Thies,pd3,254,320
5,Thies,pd3,254,320
1,Thies,pd3,254,320
2,Thies,pd3,254,320
3,Thies,pd3,254,320
4,Thies,pd3,254,320
5,Thies,pd3,254,320
1,Thies,pd3,254,320
2,Thies,pd3,254,320
3,Thies,pd3,254,320
4,Thies,pd3,254,320
5,Thies,pd3,254,320
1,Thies,pd3,254,320
2,Thies,pd3,254,320
3,Thies,pd3,254,320
4,Thies,pd3,254,320
5,Thies,pd3,254,320
1,Thies,pd3,254,320
2,Thies,pd3,254,320
3,Thies,pd3,254,320
4,Thies,pd3,254,320
5,Thies,pd3,254,320
1,Thies,pd3,254,320
2,Thies,pd3,254,320
3,Thies,pd3,254,320
4,Thies,pd3,254,320
5,Thies,pd3,254,320
1,Thies,pd1,203,283
2,Thies,pd1,203,283
3,Thies,pd1,203,283
4,Thies,pd1,203,283
5,Thies,pd1,203,283
1,Thies,pd1,203,283
2,Thies,pd1,203,283
3,Thies,pd1,203,283
4,Thies,pd1,203,283
5,Thies,pd1,203,283
1,Thies,pd1,203,283
2,Thies,pd1,203,283
3,Thies,pd1,203,283
4,Thies,pd1,203,283
5,Thies,pd1,203,283
1,Thies,pd1,203,283
2,Thies,pd1,203,283
3,Thies,pd1,203,283
4,Thies,pd1,203,283
5,Thies,pd1,203,283
1,Thies,pd1,203,283
2,Thies,pd1,203,283
3,Thies,pd1,203,283
4,Thies,pd1,203,283
5,Thies,pd1,203,283
1,Thies,pd1,203,283
2,Thies,pd1,203,283
3,Thies,pd1,203,283
4,Thies,pd1,203,283
5,Thies,pd1,203,283
1,Thies,pd2,237,316
2,Thies,pd2,237,316
3,Thies,pd2,237,316
4,Thies,pd2,237,316
5,Thies,pd2,237,316
1,Thies,pd2,237,316
2,Thies,pd2,237,316
3,Thies,pd2,237,316
4,Thies,pd2,237,316
5,Thies,pd2,237,316
1,Thies,pd2,237,316
2,Thies,pd2,237,316
3,Thies,pd2,237,316
4,Thies,pd2,237,316
5,Thies,pd2,237,316
1,Thies,pd2,237,316
2,Thies,pd2,237,316
3,Thies,pd2,237,316
4,Thies,pd2,237,316
5,Thies,pd2,237,316
1,Thies,pd2,237,316
2,Thies,pd2,237,316
3,Thies,pd2,237,316
4,Thies,pd2,237,316
5,Thies,pd2,237,316
1,Thies,pd2,237,316
2,Thies,pd2,237,316
3,Thies,pd2,237,316
4,Thies,pd2,237,316
5,Thies,pd2,237,316
1,Thies,pd3,256,273
2,Thies,pd3,256,273
3,Thies,pd3,256,273
4,Thies,pd3,256,273
5,Thies,pd3,256,273
1,Thies,pd3,256,273
2,Thies,pd3,256,273
3,Thies,pd3,256,273
4,Thies,pd3,256,273
5,Thies,pd3,256,273
1,Thies,pd3,256,273
2,Thies,pd3,256,273
3,Thies,pd3,256,273
4,Thies,pd3,256,273
5,Thies,pd3,256,273
1,Thies,pd3,256,273
2,Thies,pd3,256,273
3,Thies,pd3,256,273
4,Thies,pd3,256,273
5,Thies,pd3,256,273
1,Thies,pd3,256,273
2,Thies,pd3,256,273
3,Thies,pd3,256,273
4,Thies,pd3,256,273
5,Thies,pd3,256,273
1,Thies,pd3,256,273
2,Thies,pd3,256,273
3,Thies,pd3,256,273
4,Thies,pd3,256,273
5,Thies,pd3,256,273
1,Kolda,pd1,161,293
2,Kolda,pd1,161,293
3,Kolda,pd1,161,293
4,Kolda,pd1,161,293
5,Kolda,pd1,161,293
1,Kolda,pd1,161,293
2,Kolda,pd1,161,293
3,Kolda,pd1,161,293
4,Kolda,pd1,161,293
5,Kolda,pd1,161,293
1,Kolda,pd1,161,293
2,Kolda,pd1,161,293
3,Kolda,pd1,161,293
4,Kolda,pd1,161,293
5,Kolda,pd1,161,293
1,Kolda,pd1,161,293
2,Kolda,pd1,161,293
3,Kolda,pd1,161,293
4,Kolda,pd1,161,293
5,Kolda,pd1,161,293
1,Kolda,pd1,161,293
2,Kolda,pd1,161,293
3,Kolda,pd1,161,293
4,Kolda,pd1,161,293
5,Kolda,pd1,161,293
1,Kolda,pd1,161,293
2,Kolda,pd1,161,293
3,Kolda,pd1,161,293
4,Kolda,pd1,161,293
5,Kolda,pd1,161,293
1,Kolda,pd2,197,327
2,Kolda,pd2,197,327
3,Kolda,pd2,197,327
4,Kolda,pd2,197,327
5,Kolda,pd2,197,327
1,Kolda,pd2,197,327
2,Kolda,pd2,197,327
3,Kolda,pd2,197,327
4,Kolda,pd2,197,327
5,Kolda,pd2,197,327
1,Kolda,pd2,197,327
2,Kolda,pd2,197,327
3,Kolda,pd2,197,327
4,Kolda,pd2,197,327
5,Kolda,pd2,197,327
1,Kolda,pd2,197,327
2,Kolda,pd2,197,327
3,Kolda,pd2,197,327
4,Kolda,pd2,197,327
5,Kolda,pd2,197,327
1,Kolda,pd2,197,327
2,Kolda,pd2,197,327
3,Kolda,pd2,197,327
4,Kolda,pd2,197,327
5,Kolda,pd2,197,327
1,Kolda,pd2,197,327
2,Kolda,pd2,197,327
3,Kolda,pd2,197,327
4,Kolda,pd2,197,327
5,Kolda,pd2,197,327
1,Kolda,pd3,217,347
2,Kolda,pd3,217,347
3,Kolda,pd3,217,347
4,Kolda,pd3,217,347
5,Kolda,pd3,217,347
1,Kolda,pd3,217,347
2,Kolda,pd3,217,347
3,Kolda,pd3,217,347
4,Kolda,pd3,217,347
5,Kolda,pd3,217,347
1,Kolda,pd3,217,347
2,Kolda,pd3,217,347
3,Kolda,pd3,217,347
4,Kolda,pd3,217,347
5,Kolda,pd3,217,347
1,Kolda,pd3,217,347
2,Kolda,pd3,217,347
3,Kolda,pd3,217,347
4,Kolda,pd3,217,347
5,Kolda,pd3,217,347
1,Kolda,pd3,217,347
2,Kolda,pd3,217,347
3,Kolda,pd3,217,347
4,Kolda,pd3,217,347
5,Kolda,pd3,217,347
1,Kolda,pd3,217,347
2,Kolda,pd3,217,347
3,Kolda,pd3,217,347
4,Kolda,pd3,217,347
5,Kolda,pd3,217,347
